starred_at,login,id,node_id,url,followers_url,subscriptions_url,organizations_url,repos_url,type,site_admin
2017-06-16T14:19:20Z,smateusjr,9436038,MDQ6VXNlcjk0MzYwMzg=,https://api.github.com/users/smateusjr,https://api.github.com/users/smateusjr/followers,https://api.github.com/users/smateusjr/subscriptions,https://api.github.com/users/smateusjr/orgs,https://api.github.com/users/smateusjr/repos,User,False
2017-09-29T09:45:11Z,lidabing,3828523,MDQ6VXNlcjM4Mjg1MjM=,https://api.github.com/users/lidabing,https://api.github.com/users/lidabing/followers,https://api.github.com/users/lidabing/subscriptions,https://api.github.com/users/lidabing/orgs,https://api.github.com/users/lidabing/repos,User,False
2017-12-04T20:30:49Z,ashrakatabaza,34250526,MDQ6VXNlcjM0MjUwNTI2,https://api.github.com/users/ashrakatabaza,https://api.github.com/users/ashrakatabaza/followers,https://api.github.com/users/ashrakatabaza/subscriptions,https://api.github.com/users/ashrakatabaza/orgs,https://api.github.com/users/ashrakatabaza/repos,User,False
2017-12-18T07:50:37Z,srolf,24922574,MDQ6VXNlcjI0OTIyNTc0,https://api.github.com/users/srolf,https://api.github.com/users/srolf/followers,https://api.github.com/users/srolf/subscriptions,https://api.github.com/users/srolf/orgs,https://api.github.com/users/srolf/repos,User,False
2018-01-26T22:00:41Z,boothgibson,26578681,MDQ6VXNlcjI2NTc4Njgx,https://api.github.com/users/boothgibson,https://api.github.com/users/boothgibson/followers,https://api.github.com/users/boothgibson/subscriptions,https://api.github.com/users/boothgibson/orgs,https://api.github.com/users/boothgibson/repos,User,False
2018-01-29T14:48:43Z,Tamer-Gamal,4309859,MDQ6VXNlcjQzMDk4NTk=,https://api.github.com/users/Tamer-Gamal,https://api.github.com/users/Tamer-Gamal/followers,https://api.github.com/users/Tamer-Gamal/subscriptions,https://api.github.com/users/Tamer-Gamal/orgs,https://api.github.com/users/Tamer-Gamal/repos,User,False
2018-01-31T22:57:17Z,rstonkus,2207082,MDQ6VXNlcjIyMDcwODI=,https://api.github.com/users/rstonkus,https://api.github.com/users/rstonkus/followers,https://api.github.com/users/rstonkus/subscriptions,https://api.github.com/users/rstonkus/orgs,https://api.github.com/users/rstonkus/repos,User,False
2018-02-22T13:01:24Z,Adrianogba,2891052,MDQ6VXNlcjI4OTEwNTI=,https://api.github.com/users/Adrianogba,https://api.github.com/users/Adrianogba/followers,https://api.github.com/users/Adrianogba/subscriptions,https://api.github.com/users/Adrianogba/orgs,https://api.github.com/users/Adrianogba/repos,User,False
2018-03-14T01:17:00Z,arosenb4,14005418,MDQ6VXNlcjE0MDA1NDE4,https://api.github.com/users/arosenb4,https://api.github.com/users/arosenb4/followers,https://api.github.com/users/arosenb4/subscriptions,https://api.github.com/users/arosenb4/orgs,https://api.github.com/users/arosenb4/repos,User,False
2018-03-29T03:05:27Z,alvas,826874,MDQ6VXNlcjgyNjg3NA==,https://api.github.com/users/alvas,https://api.github.com/users/alvas/followers,https://api.github.com/users/alvas/subscriptions,https://api.github.com/users/alvas/orgs,https://api.github.com/users/alvas/repos,User,False
2018-04-08T02:53:48Z,janos97,4187149,MDQ6VXNlcjQxODcxNDk=,https://api.github.com/users/janos97,https://api.github.com/users/janos97/followers,https://api.github.com/users/janos97/subscriptions,https://api.github.com/users/janos97/orgs,https://api.github.com/users/janos97/repos,User,False
2018-04-18T13:51:00Z,akapocsi,8197282,MDQ6VXNlcjgxOTcyODI=,https://api.github.com/users/akapocsi,https://api.github.com/users/akapocsi/followers,https://api.github.com/users/akapocsi/subscriptions,https://api.github.com/users/akapocsi/orgs,https://api.github.com/users/akapocsi/repos,User,False
2018-04-21T22:59:38Z,masinazarian,16696260,MDQ6VXNlcjE2Njk2MjYw,https://api.github.com/users/masinazarian,https://api.github.com/users/masinazarian/followers,https://api.github.com/users/masinazarian/subscriptions,https://api.github.com/users/masinazarian/orgs,https://api.github.com/users/masinazarian/repos,User,False
2018-04-23T16:00:39Z,ulises2k,2415609,MDQ6VXNlcjI0MTU2MDk=,https://api.github.com/users/ulises2k,https://api.github.com/users/ulises2k/followers,https://api.github.com/users/ulises2k/subscriptions,https://api.github.com/users/ulises2k/orgs,https://api.github.com/users/ulises2k/repos,User,False
2018-04-26T00:26:22Z,fanjin-z,15572906,MDQ6VXNlcjE1NTcyOTA2,https://api.github.com/users/fanjin-z,https://api.github.com/users/fanjin-z/followers,https://api.github.com/users/fanjin-z/subscriptions,https://api.github.com/users/fanjin-z/orgs,https://api.github.com/users/fanjin-z/repos,User,False
2018-07-01T01:54:09Z,justin-labry,5257943,MDQ6VXNlcjUyNTc5NDM=,https://api.github.com/users/justin-labry,https://api.github.com/users/justin-labry/followers,https://api.github.com/users/justin-labry/subscriptions,https://api.github.com/users/justin-labry/orgs,https://api.github.com/users/justin-labry/repos,User,False
2018-07-17T18:24:19Z,samueljmorris,32405210,MDQ6VXNlcjMyNDA1MjEw,https://api.github.com/users/samueljmorris,https://api.github.com/users/samueljmorris/followers,https://api.github.com/users/samueljmorris/subscriptions,https://api.github.com/users/samueljmorris/orgs,https://api.github.com/users/samueljmorris/repos,User,False
2018-09-04T20:10:31Z,piotrserafin,5375738,MDQ6VXNlcjUzNzU3Mzg=,https://api.github.com/users/piotrserafin,https://api.github.com/users/piotrserafin/followers,https://api.github.com/users/piotrserafin/subscriptions,https://api.github.com/users/piotrserafin/orgs,https://api.github.com/users/piotrserafin/repos,User,False
2018-09-08T06:04:23Z,pigmin,7916802,MDQ6VXNlcjc5MTY4MDI=,https://api.github.com/users/pigmin,https://api.github.com/users/pigmin/followers,https://api.github.com/users/pigmin/subscriptions,https://api.github.com/users/pigmin/orgs,https://api.github.com/users/pigmin/repos,User,False
2018-09-09T01:15:34Z,ronaldfpaglinawan,11918352,MDQ6VXNlcjExOTE4MzUy,https://api.github.com/users/ronaldfpaglinawan,https://api.github.com/users/ronaldfpaglinawan/followers,https://api.github.com/users/ronaldfpaglinawan/subscriptions,https://api.github.com/users/ronaldfpaglinawan/orgs,https://api.github.com/users/ronaldfpaglinawan/repos,User,False
2018-10-10T22:22:37Z,crizzy9,8688971,MDQ6VXNlcjg2ODg5NzE=,https://api.github.com/users/crizzy9,https://api.github.com/users/crizzy9/followers,https://api.github.com/users/crizzy9/subscriptions,https://api.github.com/users/crizzy9/orgs,https://api.github.com/users/crizzy9/repos,User,False
2018-10-12T04:37:23Z,eddiesuarez84,39633083,MDQ6VXNlcjM5NjMzMDgz,https://api.github.com/users/eddiesuarez84,https://api.github.com/users/eddiesuarez84/followers,https://api.github.com/users/eddiesuarez84/subscriptions,https://api.github.com/users/eddiesuarez84/orgs,https://api.github.com/users/eddiesuarez84/repos,User,False
2018-10-30T11:45:12Z,Physikus,5645749,MDQ6VXNlcjU2NDU3NDk=,https://api.github.com/users/Physikus,https://api.github.com/users/Physikus/followers,https://api.github.com/users/Physikus/subscriptions,https://api.github.com/users/Physikus/orgs,https://api.github.com/users/Physikus/repos,User,False
2018-11-28T19:36:41Z,alanv73,29257817,MDQ6VXNlcjI5MjU3ODE3,https://api.github.com/users/alanv73,https://api.github.com/users/alanv73/followers,https://api.github.com/users/alanv73/subscriptions,https://api.github.com/users/alanv73/orgs,https://api.github.com/users/alanv73/repos,User,False
2019-01-18T04:46:59Z,RobotHacker,10968655,MDQ6VXNlcjEwOTY4NjU1,https://api.github.com/users/RobotHacker,https://api.github.com/users/RobotHacker/followers,https://api.github.com/users/RobotHacker/subscriptions,https://api.github.com/users/RobotHacker/orgs,https://api.github.com/users/RobotHacker/repos,User,False
2019-02-11T13:27:00Z,olivier9,8524912,MDQ6VXNlcjg1MjQ5MTI=,https://api.github.com/users/olivier9,https://api.github.com/users/olivier9/followers,https://api.github.com/users/olivier9/subscriptions,https://api.github.com/users/olivier9/orgs,https://api.github.com/users/olivier9/repos,User,False
2019-05-15T14:57:58Z,ppfearn,2386048,MDQ6VXNlcjIzODYwNDg=,https://api.github.com/users/ppfearn,https://api.github.com/users/ppfearn/followers,https://api.github.com/users/ppfearn/subscriptions,https://api.github.com/users/ppfearn/orgs,https://api.github.com/users/ppfearn/repos,User,False
2019-06-25T13:35:29Z,mpete7,39841375,MDQ6VXNlcjM5ODQxMzc1,https://api.github.com/users/mpete7,https://api.github.com/users/mpete7/followers,https://api.github.com/users/mpete7/subscriptions,https://api.github.com/users/mpete7/orgs,https://api.github.com/users/mpete7/repos,User,False
2019-06-28T14:26:08Z,aTasteOfHome,6249120,MDQ6VXNlcjYyNDkxMjA=,https://api.github.com/users/aTasteOfHome,https://api.github.com/users/aTasteOfHome/followers,https://api.github.com/users/aTasteOfHome/subscriptions,https://api.github.com/users/aTasteOfHome/orgs,https://api.github.com/users/aTasteOfHome/repos,User,False
2019-07-10T19:35:36Z,kindofausername,22766495,MDQ6VXNlcjIyNzY2NDk1,https://api.github.com/users/kindofausername,https://api.github.com/users/kindofausername/followers,https://api.github.com/users/kindofausername/subscriptions,https://api.github.com/users/kindofausername/orgs,https://api.github.com/users/kindofausername/repos,User,False
2019-08-08T23:39:33Z,geopetoa,38776640,MDQ6VXNlcjM4Nzc2NjQw,https://api.github.com/users/geopetoa,https://api.github.com/users/geopetoa/followers,https://api.github.com/users/geopetoa/subscriptions,https://api.github.com/users/geopetoa/orgs,https://api.github.com/users/geopetoa/repos,User,False
2019-08-09T07:28:21Z,pfubar,20718220,MDQ6VXNlcjIwNzE4MjIw,https://api.github.com/users/pfubar,https://api.github.com/users/pfubar/followers,https://api.github.com/users/pfubar/subscriptions,https://api.github.com/users/pfubar/orgs,https://api.github.com/users/pfubar/repos,User,False
2019-08-13T08:29:31Z,eastrd,13502460,MDQ6VXNlcjEzNTAyNDYw,https://api.github.com/users/eastrd,https://api.github.com/users/eastrd/followers,https://api.github.com/users/eastrd/subscriptions,https://api.github.com/users/eastrd/orgs,https://api.github.com/users/eastrd/repos,User,False
2019-09-23T12:41:39Z,unixweb,12023025,MDQ6VXNlcjEyMDIzMDI1,https://api.github.com/users/unixweb,https://api.github.com/users/unixweb/followers,https://api.github.com/users/unixweb/subscriptions,https://api.github.com/users/unixweb/orgs,https://api.github.com/users/unixweb/repos,User,False
2019-10-08T14:50:58Z,ljuillen,11491914,MDQ6VXNlcjExNDkxOTE0,https://api.github.com/users/ljuillen,https://api.github.com/users/ljuillen/followers,https://api.github.com/users/ljuillen/subscriptions,https://api.github.com/users/ljuillen/orgs,https://api.github.com/users/ljuillen/repos,User,False
2019-10-08T18:15:06Z,kimukook,22064903,MDQ6VXNlcjIyMDY0OTAz,https://api.github.com/users/kimukook,https://api.github.com/users/kimukook/followers,https://api.github.com/users/kimukook/subscriptions,https://api.github.com/users/kimukook/orgs,https://api.github.com/users/kimukook/repos,User,False
2019-10-10T18:40:22Z,Joeyonng,22042390,MDQ6VXNlcjIyMDQyMzkw,https://api.github.com/users/Joeyonng,https://api.github.com/users/Joeyonng/followers,https://api.github.com/users/Joeyonng/subscriptions,https://api.github.com/users/Joeyonng/orgs,https://api.github.com/users/Joeyonng/repos,User,False
2019-11-04T05:53:20Z,Steppico,50583630,MDQ6VXNlcjUwNTgzNjMw,https://api.github.com/users/Steppico,https://api.github.com/users/Steppico/followers,https://api.github.com/users/Steppico/subscriptions,https://api.github.com/users/Steppico/orgs,https://api.github.com/users/Steppico/repos,User,False
2019-11-09T03:58:30Z,shanemwillson,9160045,MDQ6VXNlcjkxNjAwNDU=,https://api.github.com/users/shanemwillson,https://api.github.com/users/shanemwillson/followers,https://api.github.com/users/shanemwillson/subscriptions,https://api.github.com/users/shanemwillson/orgs,https://api.github.com/users/shanemwillson/repos,User,False
2019-11-16T09:38:18Z,leemgs,82404,MDQ6VXNlcjgyNDA0,https://api.github.com/users/leemgs,https://api.github.com/users/leemgs/followers,https://api.github.com/users/leemgs/subscriptions,https://api.github.com/users/leemgs/orgs,https://api.github.com/users/leemgs/repos,User,False
2019-12-01T19:09:03Z,lustoerk,29501273,MDQ6VXNlcjI5NTAxMjcz,https://api.github.com/users/lustoerk,https://api.github.com/users/lustoerk/followers,https://api.github.com/users/lustoerk/subscriptions,https://api.github.com/users/lustoerk/orgs,https://api.github.com/users/lustoerk/repos,User,False
2019-12-02T22:13:13Z,amishpr,25971275,MDQ6VXNlcjI1OTcxMjc1,https://api.github.com/users/amishpr,https://api.github.com/users/amishpr/followers,https://api.github.com/users/amishpr/subscriptions,https://api.github.com/users/amishpr/orgs,https://api.github.com/users/amishpr/repos,User,False
2019-12-04T04:21:01Z,jamesjohns01,34368806,MDQ6VXNlcjM0MzY4ODA2,https://api.github.com/users/jamesjohns01,https://api.github.com/users/jamesjohns01/followers,https://api.github.com/users/jamesjohns01/subscriptions,https://api.github.com/users/jamesjohns01/orgs,https://api.github.com/users/jamesjohns01/repos,User,False
2019-12-18T02:31:45Z,mazelb,2873400,MDQ6VXNlcjI4NzM0MDA=,https://api.github.com/users/mazelb,https://api.github.com/users/mazelb/followers,https://api.github.com/users/mazelb/subscriptions,https://api.github.com/users/mazelb/orgs,https://api.github.com/users/mazelb/repos,User,False
2019-12-28T16:39:07Z,Harry-Rogers,35311763,MDQ6VXNlcjM1MzExNzYz,https://api.github.com/users/Harry-Rogers,https://api.github.com/users/Harry-Rogers/followers,https://api.github.com/users/Harry-Rogers/subscriptions,https://api.github.com/users/Harry-Rogers/orgs,https://api.github.com/users/Harry-Rogers/repos,User,False
2020-02-17T07:43:53Z,cockroachzl,5266724,MDQ6VXNlcjUyNjY3MjQ=,https://api.github.com/users/cockroachzl,https://api.github.com/users/cockroachzl/followers,https://api.github.com/users/cockroachzl/subscriptions,https://api.github.com/users/cockroachzl/orgs,https://api.github.com/users/cockroachzl/repos,User,False
2020-03-19T05:58:52Z,themgt,254128,MDQ6VXNlcjI1NDEyOA==,https://api.github.com/users/themgt,https://api.github.com/users/themgt/followers,https://api.github.com/users/themgt/subscriptions,https://api.github.com/users/themgt/orgs,https://api.github.com/users/themgt/repos,User,False
2020-03-29T14:03:59Z,etxeondo,50180867,MDQ6VXNlcjUwMTgwODY3,https://api.github.com/users/etxeondo,https://api.github.com/users/etxeondo/followers,https://api.github.com/users/etxeondo/subscriptions,https://api.github.com/users/etxeondo/orgs,https://api.github.com/users/etxeondo/repos,User,False
2020-04-11T18:01:04Z,jewryramos,63427777,MDQ6VXNlcjYzNDI3Nzc3,https://api.github.com/users/jewryramos,https://api.github.com/users/jewryramos/followers,https://api.github.com/users/jewryramos/subscriptions,https://api.github.com/users/jewryramos/orgs,https://api.github.com/users/jewryramos/repos,User,False
2020-04-13T15:00:28Z,Marco-Santoni,5029487,MDQ6VXNlcjUwMjk0ODc=,https://api.github.com/users/Marco-Santoni,https://api.github.com/users/Marco-Santoni/followers,https://api.github.com/users/Marco-Santoni/subscriptions,https://api.github.com/users/Marco-Santoni/orgs,https://api.github.com/users/Marco-Santoni/repos,User,False
2020-06-08T13:02:08Z,xidianzhuxi,40211659,MDQ6VXNlcjQwMjExNjU5,https://api.github.com/users/xidianzhuxi,https://api.github.com/users/xidianzhuxi/followers,https://api.github.com/users/xidianzhuxi/subscriptions,https://api.github.com/users/xidianzhuxi/orgs,https://api.github.com/users/xidianzhuxi/repos,User,False
2020-06-08T22:17:00Z,openbsod,19532554,MDQ6VXNlcjE5NTMyNTU0,https://api.github.com/users/openbsod,https://api.github.com/users/openbsod/followers,https://api.github.com/users/openbsod/subscriptions,https://api.github.com/users/openbsod/orgs,https://api.github.com/users/openbsod/repos,User,False
2020-06-11T10:30:05Z,mheriyanto,22278148,MDQ6VXNlcjIyMjc4MTQ4,https://api.github.com/users/mheriyanto,https://api.github.com/users/mheriyanto/followers,https://api.github.com/users/mheriyanto/subscriptions,https://api.github.com/users/mheriyanto/orgs,https://api.github.com/users/mheriyanto/repos,User,False
2020-06-17T19:30:37Z,kowalcma,24374196,MDQ6VXNlcjI0Mzc0MTk2,https://api.github.com/users/kowalcma,https://api.github.com/users/kowalcma/followers,https://api.github.com/users/kowalcma/subscriptions,https://api.github.com/users/kowalcma/orgs,https://api.github.com/users/kowalcma/repos,User,False
2020-06-26T17:19:59Z,fjxp2020,66839190,MDQ6VXNlcjY2ODM5MTkw,https://api.github.com/users/fjxp2020,https://api.github.com/users/fjxp2020/followers,https://api.github.com/users/fjxp2020/subscriptions,https://api.github.com/users/fjxp2020/orgs,https://api.github.com/users/fjxp2020/repos,User,False
2020-07-14T22:12:56Z,demusis,2022825,MDQ6VXNlcjIwMjI4MjU=,https://api.github.com/users/demusis,https://api.github.com/users/demusis/followers,https://api.github.com/users/demusis/subscriptions,https://api.github.com/users/demusis/orgs,https://api.github.com/users/demusis/repos,User,False
2020-08-01T20:55:33Z,yuvilio,128731,MDQ6VXNlcjEyODczMQ==,https://api.github.com/users/yuvilio,https://api.github.com/users/yuvilio/followers,https://api.github.com/users/yuvilio/subscriptions,https://api.github.com/users/yuvilio/orgs,https://api.github.com/users/yuvilio/repos,User,False
2020-08-04T15:33:30Z,donaldmak888,67196907,MDQ6VXNlcjY3MTk2OTA3,https://api.github.com/users/donaldmak888,https://api.github.com/users/donaldmak888/followers,https://api.github.com/users/donaldmak888/subscriptions,https://api.github.com/users/donaldmak888/orgs,https://api.github.com/users/donaldmak888/repos,User,False
2020-08-10T15:18:56Z,shomatan,17427345,MDQ6VXNlcjE3NDI3MzQ1,https://api.github.com/users/shomatan,https://api.github.com/users/shomatan/followers,https://api.github.com/users/shomatan/subscriptions,https://api.github.com/users/shomatan/orgs,https://api.github.com/users/shomatan/repos,User,False
2020-09-09T19:50:42Z,advancedflier,70490573,MDQ6VXNlcjcwNDkwNTcz,https://api.github.com/users/advancedflier,https://api.github.com/users/advancedflier/followers,https://api.github.com/users/advancedflier/subscriptions,https://api.github.com/users/advancedflier/orgs,https://api.github.com/users/advancedflier/repos,User,False
2020-09-13T01:07:06Z,Hoogestraat,71153748,MDQ6VXNlcjcxMTUzNzQ4,https://api.github.com/users/Hoogestraat,https://api.github.com/users/Hoogestraat/followers,https://api.github.com/users/Hoogestraat/subscriptions,https://api.github.com/users/Hoogestraat/orgs,https://api.github.com/users/Hoogestraat/repos,User,False
2020-09-28T03:30:11Z,woojoong88,32275304,MDQ6VXNlcjMyMjc1MzA0,https://api.github.com/users/woojoong88,https://api.github.com/users/woojoong88/followers,https://api.github.com/users/woojoong88/subscriptions,https://api.github.com/users/woojoong88/orgs,https://api.github.com/users/woojoong88/repos,User,False
2020-10-19T12:04:29Z,justicelee,2952273,MDQ6VXNlcjI5NTIyNzM=,https://api.github.com/users/justicelee,https://api.github.com/users/justicelee/followers,https://api.github.com/users/justicelee/subscriptions,https://api.github.com/users/justicelee/orgs,https://api.github.com/users/justicelee/repos,User,False
2020-10-25T21:02:04Z,Qbicz,5618209,MDQ6VXNlcjU2MTgyMDk=,https://api.github.com/users/Qbicz,https://api.github.com/users/Qbicz/followers,https://api.github.com/users/Qbicz/subscriptions,https://api.github.com/users/Qbicz/orgs,https://api.github.com/users/Qbicz/repos,User,False
2020-10-28T02:17:54Z,KennyDizi,16578966,MDQ6VXNlcjE2NTc4OTY2,https://api.github.com/users/KennyDizi,https://api.github.com/users/KennyDizi/followers,https://api.github.com/users/KennyDizi/subscriptions,https://api.github.com/users/KennyDizi/orgs,https://api.github.com/users/KennyDizi/repos,User,False
2020-11-14T14:56:32Z,binford999,46282524,MDQ6VXNlcjQ2MjgyNTI0,https://api.github.com/users/binford999,https://api.github.com/users/binford999/followers,https://api.github.com/users/binford999/subscriptions,https://api.github.com/users/binford999/orgs,https://api.github.com/users/binford999/repos,User,False
2020-11-19T14:46:06Z,crispy-computing-machine,5684066,MDQ6VXNlcjU2ODQwNjY=,https://api.github.com/users/crispy-computing-machine,https://api.github.com/users/crispy-computing-machine/followers,https://api.github.com/users/crispy-computing-machine/subscriptions,https://api.github.com/users/crispy-computing-machine/orgs,https://api.github.com/users/crispy-computing-machine/repos,User,False
2020-11-20T22:33:22Z,axi0m,2532857,MDQ6VXNlcjI1MzI4NTc=,https://api.github.com/users/axi0m,https://api.github.com/users/axi0m/followers,https://api.github.com/users/axi0m/subscriptions,https://api.github.com/users/axi0m/orgs,https://api.github.com/users/axi0m/repos,User,False
2020-12-28T18:15:40Z,MrWood90,64485157,MDQ6VXNlcjY0NDg1MTU3,https://api.github.com/users/MrWood90,https://api.github.com/users/MrWood90/followers,https://api.github.com/users/MrWood90/subscriptions,https://api.github.com/users/MrWood90/orgs,https://api.github.com/users/MrWood90/repos,User,False
2020-12-29T03:04:41Z,adrianfz,9896231,MDQ6VXNlcjk4OTYyMzE=,https://api.github.com/users/adrianfz,https://api.github.com/users/adrianfz/followers,https://api.github.com/users/adrianfz/subscriptions,https://api.github.com/users/adrianfz/orgs,https://api.github.com/users/adrianfz/repos,User,False
2020-12-31T18:01:57Z,hannesa2,3314607,MDQ6VXNlcjMzMTQ2MDc=,https://api.github.com/users/hannesa2,https://api.github.com/users/hannesa2/followers,https://api.github.com/users/hannesa2/subscriptions,https://api.github.com/users/hannesa2/orgs,https://api.github.com/users/hannesa2/repos,User,False
2021-01-09T17:32:40Z,inouire,404520,MDQ6VXNlcjQwNDUyMA==,https://api.github.com/users/inouire,https://api.github.com/users/inouire/followers,https://api.github.com/users/inouire/subscriptions,https://api.github.com/users/inouire/orgs,https://api.github.com/users/inouire/repos,User,False
2021-01-15T09:21:52Z,baishalidutta,76659596,MDQ6VXNlcjc2NjU5NTk2,https://api.github.com/users/baishalidutta,https://api.github.com/users/baishalidutta/followers,https://api.github.com/users/baishalidutta/subscriptions,https://api.github.com/users/baishalidutta/orgs,https://api.github.com/users/baishalidutta/repos,User,False
2021-01-18T00:56:00Z,heimzzz,31362810,MDQ6VXNlcjMxMzYyODEw,https://api.github.com/users/heimzzz,https://api.github.com/users/heimzzz/followers,https://api.github.com/users/heimzzz/subscriptions,https://api.github.com/users/heimzzz/orgs,https://api.github.com/users/heimzzz/repos,User,False
2021-02-09T16:04:28Z,AllyRaspberry,78272131,MDQ6VXNlcjc4MjcyMTMx,https://api.github.com/users/AllyRaspberry,https://api.github.com/users/AllyRaspberry/followers,https://api.github.com/users/AllyRaspberry/subscriptions,https://api.github.com/users/AllyRaspberry/orgs,https://api.github.com/users/AllyRaspberry/repos,User,False
2021-05-08T21:55:20Z,muthee,1058008,MDQ6VXNlcjEwNTgwMDg=,https://api.github.com/users/muthee,https://api.github.com/users/muthee/followers,https://api.github.com/users/muthee/subscriptions,https://api.github.com/users/muthee/orgs,https://api.github.com/users/muthee/repos,User,False
2021-06-06T00:46:16Z,viebanks,63057282,MDQ6VXNlcjYzMDU3Mjgy,https://api.github.com/users/viebanks,https://api.github.com/users/viebanks/followers,https://api.github.com/users/viebanks/subscriptions,https://api.github.com/users/viebanks/orgs,https://api.github.com/users/viebanks/repos,User,False
2021-06-21T19:25:39Z,burkesquires,881876,MDQ6VXNlcjg4MTg3Ng==,https://api.github.com/users/burkesquires,https://api.github.com/users/burkesquires/followers,https://api.github.com/users/burkesquires/subscriptions,https://api.github.com/users/burkesquires/orgs,https://api.github.com/users/burkesquires/repos,User,False
2021-07-06T10:29:14Z,roolearntocode,3473833,MDQ6VXNlcjM0NzM4MzM=,https://api.github.com/users/roolearntocode,https://api.github.com/users/roolearntocode/followers,https://api.github.com/users/roolearntocode/subscriptions,https://api.github.com/users/roolearntocode/orgs,https://api.github.com/users/roolearntocode/repos,User,False
2021-08-14T07:09:46Z,nomindbox,63395455,MDQ6VXNlcjYzMzk1NDU1,https://api.github.com/users/nomindbox,https://api.github.com/users/nomindbox/followers,https://api.github.com/users/nomindbox/subscriptions,https://api.github.com/users/nomindbox/orgs,https://api.github.com/users/nomindbox/repos,User,False
2021-10-05T01:18:16Z,douglaskruger,31582188,MDQ6VXNlcjMxNTgyMTg4,https://api.github.com/users/douglaskruger,https://api.github.com/users/douglaskruger/followers,https://api.github.com/users/douglaskruger/subscriptions,https://api.github.com/users/douglaskruger/orgs,https://api.github.com/users/douglaskruger/repos,User,False
2021-10-24T18:41:18Z,dottorebarbarossa,34378682,MDQ6VXNlcjM0Mzc4Njgy,https://api.github.com/users/dottorebarbarossa,https://api.github.com/users/dottorebarbarossa/followers,https://api.github.com/users/dottorebarbarossa/subscriptions,https://api.github.com/users/dottorebarbarossa/orgs,https://api.github.com/users/dottorebarbarossa/repos,User,False
2021-11-06T12:24:19Z,YoursSocial,67346633,MDQ6VXNlcjY3MzQ2NjMz,https://api.github.com/users/YoursSocial,https://api.github.com/users/YoursSocial/followers,https://api.github.com/users/YoursSocial/subscriptions,https://api.github.com/users/YoursSocial/orgs,https://api.github.com/users/YoursSocial/repos,User,False
2021-11-13T16:09:52Z,kopiro,839700,MDQ6VXNlcjgzOTcwMA==,https://api.github.com/users/kopiro,https://api.github.com/users/kopiro/followers,https://api.github.com/users/kopiro/subscriptions,https://api.github.com/users/kopiro/orgs,https://api.github.com/users/kopiro/repos,User,False
2021-12-13T00:42:58Z,th-sato,28769312,MDQ6VXNlcjI4NzY5MzEy,https://api.github.com/users/th-sato,https://api.github.com/users/th-sato/followers,https://api.github.com/users/th-sato/subscriptions,https://api.github.com/users/th-sato/orgs,https://api.github.com/users/th-sato/repos,User,False
2021-12-21T02:23:45Z,flyxyz123,30398651,MDQ6VXNlcjMwMzk4NjUx,https://api.github.com/users/flyxyz123,https://api.github.com/users/flyxyz123/followers,https://api.github.com/users/flyxyz123/subscriptions,https://api.github.com/users/flyxyz123/orgs,https://api.github.com/users/flyxyz123/repos,User,False
2022-01-03T14:42:31Z,mitrules,21373132,MDQ6VXNlcjIxMzczMTMy,https://api.github.com/users/mitrules,https://api.github.com/users/mitrules/followers,https://api.github.com/users/mitrules/subscriptions,https://api.github.com/users/mitrules/orgs,https://api.github.com/users/mitrules/repos,User,False
2022-03-27T21:51:19Z,Altidor,77704702,MDQ6VXNlcjc3NzA0NzAy,https://api.github.com/users/Altidor,https://api.github.com/users/Altidor/followers,https://api.github.com/users/Altidor/subscriptions,https://api.github.com/users/Altidor/orgs,https://api.github.com/users/Altidor/repos,User,True
2022-04-03T04:52:37Z,lsii,16756116,MDQ6VXNlcjE2NzU2MTE2,https://api.github.com/users/lsii,https://api.github.com/users/lsii/followers,https://api.github.com/users/lsii/subscriptions,https://api.github.com/users/lsii/orgs,https://api.github.com/users/lsii/repos,User,False
2022-04-25T19:28:11Z,danishahmadshah,63258538,MDQ6VXNlcjYzMjU4NTM4,https://api.github.com/users/danishahmadshah,https://api.github.com/users/danishahmadshah/followers,https://api.github.com/users/danishahmadshah/subscriptions,https://api.github.com/users/danishahmadshah/orgs,https://api.github.com/users/danishahmadshah/repos,User,False
2022-05-10T04:27:50Z,khush-Thakor,72325436,MDQ6VXNlcjcyMzI1NDM2,https://api.github.com/users/khush-Thakor,https://api.github.com/users/khush-Thakor/followers,https://api.github.com/users/khush-Thakor/subscriptions,https://api.github.com/users/khush-Thakor/orgs,https://api.github.com/users/khush-Thakor/repos,User,False
2022-09-03T19:04:14Z,aaishaalgheilani,43934638,MDQ6VXNlcjQzOTM0NjM4,https://api.github.com/users/aaishaalgheilani,https://api.github.com/users/aaishaalgheilani/followers,https://api.github.com/users/aaishaalgheilani/subscriptions,https://api.github.com/users/aaishaalgheilani/orgs,https://api.github.com/users/aaishaalgheilani/repos,User,False
2023-01-04T10:52:35Z,julian274,82577159,MDQ6VXNlcjgyNTc3MTU5,https://api.github.com/users/julian274,https://api.github.com/users/julian274/followers,https://api.github.com/users/julian274/subscriptions,https://api.github.com/users/julian274/orgs,https://api.github.com/users/julian274/repos,User,False
2023-01-10T13:23:53Z,akashtalole,10166338,MDQ6VXNlcjEwMTY2MzM4,https://api.github.com/users/akashtalole,https://api.github.com/users/akashtalole/followers,https://api.github.com/users/akashtalole/subscriptions,https://api.github.com/users/akashtalole/orgs,https://api.github.com/users/akashtalole/repos,User,False
2023-02-19T02:24:14Z,gfiddle,106223109,U_kgDOBlTWBQ,https://api.github.com/users/gfiddle,https://api.github.com/users/gfiddle/followers,https://api.github.com/users/gfiddle/subscriptions,https://api.github.com/users/gfiddle/orgs,https://api.github.com/users/gfiddle/repos,User,False
2023-02-26T20:13:53Z,gpokhark,41242994,MDQ6VXNlcjQxMjQyOTk0,https://api.github.com/users/gpokhark,https://api.github.com/users/gpokhark/followers,https://api.github.com/users/gpokhark/subscriptions,https://api.github.com/users/gpokhark/orgs,https://api.github.com/users/gpokhark/repos,User,False
2023-03-09T03:17:41Z,justcallmetk,32103937,MDQ6VXNlcjMyMTAzOTM3,https://api.github.com/users/justcallmetk,https://api.github.com/users/justcallmetk/followers,https://api.github.com/users/justcallmetk/subscriptions,https://api.github.com/users/justcallmetk/orgs,https://api.github.com/users/justcallmetk/repos,User,False
2023-03-13T05:03:05Z,mrhmansur,9920949,MDQ6VXNlcjk5MjA5NDk=,https://api.github.com/users/mrhmansur,https://api.github.com/users/mrhmansur/followers,https://api.github.com/users/mrhmansur/subscriptions,https://api.github.com/users/mrhmansur/orgs,https://api.github.com/users/mrhmansur/repos,User,False
2023-04-15T12:10:47Z,Tracer1337,6074468,MDQ6VXNlcjYwNzQ0Njg=,https://api.github.com/users/Tracer1337,https://api.github.com/users/Tracer1337/followers,https://api.github.com/users/Tracer1337/subscriptions,https://api.github.com/users/Tracer1337/orgs,https://api.github.com/users/Tracer1337/repos,User,False
2023-04-26T05:21:07Z,maikhir,16575874,MDQ6VXNlcjE2NTc1ODc0,https://api.github.com/users/maikhir,https://api.github.com/users/maikhir/followers,https://api.github.com/users/maikhir/subscriptions,https://api.github.com/users/maikhir/orgs,https://api.github.com/users/maikhir/repos,User,False
2023-06-10T21:36:18Z,cptanalatriste,1616531,MDQ6VXNlcjE2MTY1MzE=,https://api.github.com/users/cptanalatriste,https://api.github.com/users/cptanalatriste/followers,https://api.github.com/users/cptanalatriste/subscriptions,https://api.github.com/users/cptanalatriste/orgs,https://api.github.com/users/cptanalatriste/repos,User,False
2023-06-15T11:21:02Z,paulastock,64837202,MDQ6VXNlcjY0ODM3MjAy,https://api.github.com/users/paulastock,https://api.github.com/users/paulastock/followers,https://api.github.com/users/paulastock/subscriptions,https://api.github.com/users/paulastock/orgs,https://api.github.com/users/paulastock/repos,User,False
2023-07-27T03:14:58Z,efriesema,11915142,MDQ6VXNlcjExOTE1MTQy,https://api.github.com/users/efriesema,https://api.github.com/users/efriesema/followers,https://api.github.com/users/efriesema/subscriptions,https://api.github.com/users/efriesema/orgs,https://api.github.com/users/efriesema/repos,User,False
2023-09-15T10:44:39Z,zikorayann,26109769,MDQ6VXNlcjI2MTA5NzY5,https://api.github.com/users/zikorayann,https://api.github.com/users/zikorayann/followers,https://api.github.com/users/zikorayann/subscriptions,https://api.github.com/users/zikorayann/orgs,https://api.github.com/users/zikorayann/repos,User,False
2023-10-25T11:41:59Z,bakalaugh,71103663,MDQ6VXNlcjcxMTAzNjYz,https://api.github.com/users/bakalaugh,https://api.github.com/users/bakalaugh/followers,https://api.github.com/users/bakalaugh/subscriptions,https://api.github.com/users/bakalaugh/orgs,https://api.github.com/users/bakalaugh/repos,User,False
2023-10-26T15:18:55Z,Earduino,6370061,MDQ6VXNlcjYzNzAwNjE=,https://api.github.com/users/Earduino,https://api.github.com/users/Earduino/followers,https://api.github.com/users/Earduino/subscriptions,https://api.github.com/users/Earduino/orgs,https://api.github.com/users/Earduino/repos,User,False
2023-12-17T02:41:09Z,brandongraves08,16110062,MDQ6VXNlcjE2MTEwMDYy,https://api.github.com/users/brandongraves08,https://api.github.com/users/brandongraves08/followers,https://api.github.com/users/brandongraves08/subscriptions,https://api.github.com/users/brandongraves08/orgs,https://api.github.com/users/brandongraves08/repos,User,False
2024-03-23T07:53:04Z,SANKEH,123341864,U_kgDOB1oMKA,https://api.github.com/users/SANKEH,https://api.github.com/users/SANKEH/followers,https://api.github.com/users/SANKEH/subscriptions,https://api.github.com/users/SANKEH/orgs,https://api.github.com/users/SANKEH/repos,User,False
2024-04-22T02:02:08Z,linuxsong,1391181,MDQ6VXNlcjEzOTExODE=,https://api.github.com/users/linuxsong,https://api.github.com/users/linuxsong/followers,https://api.github.com/users/linuxsong/subscriptions,https://api.github.com/users/linuxsong/orgs,https://api.github.com/users/linuxsong/repos,User,False
2024-06-06T17:30:52Z,nasseralmubarazi,171968272,U_kgDOCkAHEA,https://api.github.com/users/nasseralmubarazi,https://api.github.com/users/nasseralmubarazi/followers,https://api.github.com/users/nasseralmubarazi/subscriptions,https://api.github.com/users/nasseralmubarazi/orgs,https://api.github.com/users/nasseralmubarazi/repos,User,False
